Case,StaticCost,ActualCost_£,EENS_MWh_yr,LOLP_hr,SAIDI_hr_yr,SAIFI_times_yr
Base,107280,126647.64,1.51854328578338e-08,0,0,0
OTS,37616.4414691775,37458.069124424,3295512,0.132,1156.32,1156.32
