Bus,GenID,Pg_MW
1,1,16
1,2,16
1,3,15.2
1,4,15.2
2,5,20
2,6,20
2,7,26.6189848619768
2,8,26.6189848619768
7,9,26.6189848619768
7,10,26.6189848619768
7,11,26.6189848619768
13,12,95
13,13,95
13,14,95
14,15,0
15,16,2.4
15,17,2.4
15,18,2.4
15,19,2.4
15,20,2.4
15,21,54.3
16,22,54.3
18,23,100
21,24,100
22,25,10
22,26,10
22,27,10
22,28,10
22,29,10
22,30,10
23,31,54.3
23,32,54.3
23,33,140
