Bus,GenID,Pg_MW
1,1,20
1,2,20
1,3,76
1,4,76
2,5,20
2,6,20
2,7,76
2,8,76
7,9,25
7,10,25
7,11,79
13,12,69
13,13,69
13,14,78.0262210871684
14,15,0
15,16,12
15,17,12
15,18,12
15,19,12
15,20,12
15,21,155
16,22,145.973778912832
18,23,400
21,24,400
22,25,50
22,26,50
22,27,50
22,28,50
22,29,50
22,30,50
23,31,155
23,32,155
23,33,350
