Case,StaticCost,ActualCost_£,EENS_MWh_yr,LOLP_hr,SAIDI_hr_yr,SAIFI_times_yr
Base,107280,126812.80590824,288357.300000001,0.01155,101.178,101.178
OTS,93780.0029999999,93591.3591857205,312075,0.0125,109.5,109.5
