Case,StaticCost,ActualCost_£,EENS_MWh_yr,LOLP_hr,SAIDI_hr_yr,SAIFI_times_yr
Base,127080,126678.317380353,205969.500000004,0.0075,65.7,65.7
OTS,93780.0029999999,93471.9208947977,233432.1,0.0085,74.46,74.46
