Case,StaticCost,ActualCost_£,EENS_MWh_yr,LOLP_hr,SAIDI_hr_yr,SAIFI_times_yr
Base,NaN,126819.204769363,72532.8000000729,0.01035,90.666,90.666
OTS,37617.1714908857,37530.3027300303,77088,0.011,96.36,96.36
