Bus,GenID,Pg_MW
1,1,20
1,2,20
1,3,41.1283047295485
1,4,41.1283047295485
2,5,16
2,6,16
2,7,15.2
2,8,15.2
7,9,25
7,10,25
7,11,25
13,12,104.339180811768
13,13,104.339180811768
13,14,104.339180811768
14,15,0
15,16,2.4
15,17,2.4
15,18,2.4
15,19,2.4
15,20,2.4
15,21,54.3
16,22,54.3
18,23,100
21,24,100
22,25,10
22,26,10
22,27,10
22,28,10
22,29,10
22,30,10
23,31,54.3
23,32,54.3
23,33,140
