Case,StaticCost,EENS,LOLP,SAIDI,SAIFI
Base,98007.9999999999,1.59016817633528e-08,0,0,0
OTS,34870.9470888823,14979.6,0.0006,5.256,5.256
