Case,StaticCost,ActualCost_£,EENS_MWh_yr,LOLP_hr,SAIDI_hr_yr,SAIFI_times_yr
Base,107280,113518.828381611,224694.000000118,0.009,78.84,78.84
OTS,93780.0029999999,127080,0,0,0,0
