Bus,GenID,Pg_MW
1,1,16
1,2,16
1,3,15.2
1,4,15.2
2,5,19.4918843079935
2,6,19.4918843079935
2,7,19.4918843079935
2,8,19.4918843079935
7,9,25
7,10,25
7,11,25
13,12,69
13,13,69
13,14,69
14,15,0
15,16,2.4
15,17,2.4
15,18,2.4
15,19,2.4
15,20,2.4
15,21,54.3
16,22,54.3
18,23,100
21,24,100
22,25,10
22,26,10
22,27,10
22,28,10
22,29,10
22,30,10
23,31,54.3
23,32,54.3
23,33,140
