Case,StaticCost,EENS,LOLP,SAIDI,SAIFI
Base,98007.9999999999,1.81526047526859e-12,0,0,0
OTS,34870.9470888823,1.71,0.0006,5.256,0.0006
