Bus,GenID,Pg_MW
1,1,20
1,2,20
1,3,26.2379037070603
1,4,26.2379037070603
2,5,16
2,6,16
2,7,15.2
2,8,15.2
7,9,37.5692119557479
7,10,37.5692119557479
7,11,37.5692119557479
13,12,69
13,13,69
13,14,69
14,15,0
15,16,12
15,17,2.4
15,18,2.4
15,19,2.4
15,20,2.4
15,21,54.3
16,22,54.3
18,23,100
21,24,100
22,25,10
22,26,10
22,27,10
22,28,10
22,29,10
22,30,10
23,31,54.3
23,32,54.3
23,33,140
