Bus,GenID,Pg_MW
1,1,16
1,2,16
1,3,15.2
1,4,15.2
2,5,16
2,6,16
2,7,15.6464713075977
2,8,15.6464713075977
7,9,25
7,10,25
7,11,25
13,12,69
13,13,69
13,14,69
14,15,0
15,16,2.4
15,17,2.4
15,18,2.4
15,19,2.4
15,20,2.4
15,21,54.3
16,22,93.8568136903939
18,23,100
21,24,100
22,25,24.7337195643619
22,26,24.7337195643619
22,27,24.7337195643619
22,28,24.7337195643619
22,29,24.7337195643619
22,30,24.7337195643619
23,31,54.3
23,32,54.3
23,33,140
