Case,StaticCost,ActualCost_£,EENS_MWh_yr,LOLP_hr,SAIDI_hr_yr,SAIFI_times_yr
Base,107280,126798.169014085,149796.00000001,0.006,52.56,52.56
OTS,37615.0614882182,37524.3923541247,149796,0.006,52.56,52.56
