Bus,GenID,Pg_MW
1,1,20
1,2,20
1,3,76
1,4,76
2,5,20
2,6,20
2,7,76
2,8,76
7,9,100
7,10,100
7,11,100
13,12,197
13,13,197
13,14,197
14,15,0
15,16,12
15,17,2.4
15,18,2.4
15,19,2.4
15,20,2.4
15,21,127.253606733546
16,22,155
18,23,400
21,24,322.546393266454
22,25,50
22,26,50
22,27,50
22,28,50
22,29,50
22,30,50
23,31,54.3
23,32,54.3
23,33,140
