Case,StaticCost,ActualCost_£,EENS_MWh_yr,LOLP_hr,SAIDI_hr_yr,SAIFI_times_yr
Base,150360,150447.645875251,149796.000000015,0.006,52.56,52.56
OTS,54679.0402312776,163051.169577139,798912.000000001,0.032,280.32,280.32
